type, player, team, period, time, assist
goal, null, newlowell, null, null, null
goal, null, newlowell, null, null, null
goal, null, newlowell, null, null, null
goal, null, newlowell, null, null, null
goal, null, newlowell, null, null, null
goal, null, newlowell, null, null, null
goal, null, newlowell, null, null, null
goal, null, newlowell, null, null, null
goal, null, newlowell, null, null, null
goal, null, newlowell, null, null, null
goal, null, garner, null, null, null
goal, null, garner, null, null, null
goal, null, garner, null, null, null
goal, null, garner, null, null, null
goal, null, garner, null, null, null
